{
    "box_0": [
        325.6925048828125,
        145.16143798828125,
        141.69024658203125,
        96.04931640625,
        2.275536060333252
    ],
    "box_1": [
        327.6994323730469,
        341.2764587402344,
        137.1365203857422,
        97.13011169433594,
        0.6861646771430969
    ],
    "box_2": [
        512.1854248046875,
        244.17813110351562,
        147.09197998046875,
        103.69111633300781,
        3.0728023052215576
    ],
    "box_3": [
        117.85459899902344,
        241.87066650390625,
        137.84658813476562,
        99.6729507446289,
        1.4865562915802002
    ]
}